name,url,type,clean_text,lemmas,TDP,Вес,Видеокарта,Диагональ экрана,Количество ядер,Модель,Модель чипа,Объем SSD,Объем ОЗУ,Объем видеопамяти,Производитель,Производитель чипа,Процессор,Разрешение экрана,Сокет,Тип видеопамяти,Частота
Ноутбук DEXP Aquilon серебристый,https://www.dns-shop.ru/product/48b658653727ed20/141-noutbuk-dexp-aquilon-serebristyj/,Laptop,"москва ваш город москва все верно сменить город акции магазины доставка покупателям юридическим лицам клуб dns вакансии 8-800-77-07-999 с 03 00 до 22 00 вернуться на главную каталог сравнение избранное корзина итого 0 в корзину 0 войти уведомления заказы пока нет уведомлений 0 системные сообщения пока нет уведомлений 0 мои подписки пока нет уведомлений 0 рекомендации пока нет уведомлений 0 скидки и акции пока нет уведомлений 0 пока пусто здесь будут храниться уведомления о событиях уведомления всегда под рукой теперь вся информация о статусе заказов в мобильном приложении dns и telegram-боте получайте бонусы, сохраняйте и отслеживайте заказы войти узнать статус заказа обратная связь обмен, возврат, гарантия каталог пк, ноутбуки, периферия ноутбуки и аксессуары ноутбуки dexp 14.1"" ноутбук dexp aquilon серебристый 14.1"" ноутбук dexp aquilon серебристый 14.1"" ноутбук dexp aquilon серебристый slide 1 to 9 of 16 + чтобы вращать, зажмите левую клавишу мыши и тяните влево или вправо увеличить английская/русская раскладка, 1920x1080, ips, intel celeron n4020c, ядра 2 х 1.1 ггц, ram 8 гб, ssd 256 гб, intel uhd graphics 600, windows 11 home подробнее сравнить 4.33 531 отзыв 16 вопросов cредняя надежность 17 999 от 1 755 / мес. купить в наличии в 268 магазинах пункты выдачи доступны диагональ 14.1"" 15.6"" гарантия 12 мес. 0 24 мес. 2 340 выгодно 36 мес. 3 240 код товара 5428278 всего 59 14.1"" ноутбук dexp aquilon серебристый 4.33 531 отзыв характеристики средняя надежность 2 обзора выгодные комплекты выгодные комплекты собери свой комплект нажав на галочку можно включить или исключить товар из комплекта. скидка на остальные товары не изменится. нажав на кнопку заменить можно выбрать другой товар из списка доступных. 14.1"" ноутбук dexp aquilon серебристый 17 999 заменить + антивирус kaspersky standard 3 499 выгода 2 200 1 299 комплект из 2 товара 21 498 выгода 2 200 19 298 в наличии в 155 магазинах купить комплект указанное предложение действительно на 09.04.2025",москва ваш город москва верно сменить город акция магазин доставка покупатель юридический лицо клуб dns вакансия 03 00 22 00 вернуться главный каталог сравнение избранный корзина итого корзина войти уведомление заказ пока уведомление системный сообщение пока уведомление мой подписка пока уведомление рекомендация пока уведомление скидка акция пока уведомление пока пусто быть храниться уведомление событие уведомление рука весь информация статус заказ мобильный приложение dns получать бонус сохранять отслеживать заказ войти узнать статус заказ обратный связь обмен возврат гарантия каталог пк ноутбук периферия ноутбук аксессуар ноутбук dexp ноутбук dexp aquilon серебристый ноутбук dexp aquilon серебристый ноутбук dexp aquilon серебристый slide to of 16 вращать зажать левый клавиша мышь тянуть влево вправо увеличить раскладка 1920x1080 ips intel celeron n4020c ядро ггц ram гб ssd 256 гб intel uhd graphics 600 windows 11 home подробный сравнить 531 отзыв 16 вопрос cредний надёжность 17 999 755 купить наличие 268 магазин пункт выдача доступный диагональ гарантия 12 24 340 выгодно 36 240 код товар 5428278 59 ноутбук dexp aquilon серебристый 531 отзыв характеристика средний надёжность обзор выгодный комплект выгодный комплект собрать свой комплект нажать галочка включить исключить товар комплект скидка остальной товар измениться нажать кнопка заменить выбрать товар список доступный ноутбук dexp aquilon серебристый 17 999 заменить антивирус kaspersky standard 499 выгода 200 299 комплект товар 21 498 выгода 200 19 298 наличие 155 магазин купить комплект указанный предложение действительно,,,intel uhd,14.1,,,,,8,,,,celeron,1920x1080,,,
Ноутбук DEXP Aquilon серый,https://www.dns-shop.ru/product/48b658663727ed20/156-noutbuk-dexp-aquilon-seryj/,Laptop,"москва ваш город москва все верно сменить город акции магазины доставка покупателям юридическим лицам клуб dns вакансии 8-800-77-07-999 с 03 00 до 22 00 вернуться на главную каталог сравнение избранное корзина итого 0 в корзину 0 войти уведомления заказы пока нет уведомлений 0 системные сообщения пока нет уведомлений 0 мои подписки пока нет уведомлений 0 рекомендации пока нет уведомлений 0 скидки и акции пока нет уведомлений 0 пока пусто здесь будут храниться уведомления о событиях уведомления всегда под рукой теперь вся информация о статусе заказов в мобильном приложении dns и telegram-боте получайте бонусы, сохраняйте и отслеживайте заказы войти узнать статус заказа обратная связь обмен, возврат, гарантия каталог пк, ноутбуки, периферия ноутбуки и аксессуары ноутбуки dexp 15.6"" ноутбук dexp aquilon серый 15.6"" ноутбук dexp aquilon серый 15.6"" ноутбук dexp aquilon серый slide 1 to 9 of 16 + чтобы вращать, зажмите левую клавишу мыши и тяните влево или вправо увеличить английская/русская раскладка, 1920x1080, ips, intel celeron n4020c, ядра 2 х 1.1 ггц, ram 8 гб, ssd 256 гб, intel uhd graphics 600, windows 11 home подробнее сравнить 4.33 531 отзыв 8 вопросов хорошая надежность 19 999 от 1 950 / мес. купить в наличии в 274 магазинах пункты выдачи доступны диагональ 14.1"" 15.6"" гарантия 12 мес. 0 24 мес. 2 600 выгодно 36 мес. 3 600 код товара 5428280 всего 59 15.6"" ноутбук dexp aquilon серый 4.33 531 отзыв характеристики хорошая надежность 2 обзора выгодные комплекты выгодные комплекты собери свой комплект нажав на галочку можно включить или исключить товар из комплекта. скидка на остальные товары не изменится. нажав на кнопку заменить можно выбрать другой товар из списка доступных. 15.6"" ноутбук dexp aquilon серый 19 999 заменить + антивирус kaspersky standard 3 499 выгода 2 200 1 299 комплект из 2 товара 23 498 выгода 2 200 21 298 в наличии в 158 магазинах купить комплект указанное предложение действительно на 09.04.2025",москва ваш город москва верно сменить город акция магазин доставка покупатель юридический лицо клуб dns вакансия 03 00 22 00 вернуться главный каталог сравнение избранный корзина итого корзина войти уведомление заказ пока уведомление системный сообщение пока уведомление мой подписка пока уведомление рекомендация пока уведомление скидка акция пока уведомление пока пусто быть храниться уведомление событие уведомление рука весь информация статус заказ мобильный приложение dns получать бонус сохранять отслеживать заказ войти узнать статус заказ обратный связь обмен возврат гарантия каталог пк ноутбук периферия ноутбук аксессуар ноутбук dexp ноутбук dexp aquilon серый ноутбук dexp aquilon серый ноутбук dexp aquilon серый slide to of 16 вращать зажать левый клавиша мышь тянуть влево вправо увеличить раскладка 1920x1080 ips intel celeron n4020c ядро ггц ram гб ssd 256 гб intel uhd graphics 600 windows 11 home подробный сравнить 531 отзыв вопрос хороший надёжность 19 999 950 купить наличие 274 магазин пункт выдача доступный диагональ гарантия 12 24 600 выгодно 36 600 код товар 5428280 59 ноутбук dexp aquilon серый 531 отзыв характеристика хороший надёжность обзор выгодный комплект выгодный комплект собрать свой комплект нажать галочка включить исключить товар комплект скидка остальной товар измениться нажать кнопка заменить выбрать товар список доступный ноутбук dexp aquilon серый 19 999 заменить антивирус kaspersky standard 499 выгода 200 299 комплект товар 23 498 выгода 200 21 298 наличие 158 магазин купить комплект указанный предложение действительно,,,intel uhd,14.1,,,,,8,,,,celeron,1920x1080,,,
Ноутбук DEXP Aquilon C14-ICP301 серебристый,https://www.dns-shop.ru/product/2adf8d733c06ed20/14-noutbuk-dexp-aquilon-c14-icp301-serebristyj/,Laptop,"москва ваш город москва все верно сменить город акции магазины доставка покупателям юридическим лицам клуб dns вакансии 8-800-77-07-999 с 03 00 до 22 00 вернуться на главную каталог сравнение избранное корзина итого 0 в корзину 0 войти уведомления заказы пока нет уведомлений 0 системные сообщения пока нет уведомлений 0 мои подписки пока нет уведомлений 0 рекомендации пока нет уведомлений 0 скидки и акции пока нет уведомлений 0 пока пусто здесь будут храниться уведомления о событиях уведомления_всегда_под_рукой теперь_вся_информация в_мобильном_приложении и telegram_боте получайте бонусы, сохраняйте и отслеживайте заказы войти узнать статус заказа обратная связь обмен, возврат, гарантия каталог пк, ноутбуки, периферия ноутбуки и аксессуары ноутбуки dexp 14"" ноутбук dexp aquilon c14-icp301 серебристый 14"" ноутбук dexp aquilon c14-icp301 серебристый 14"" ноутбук dexp aquilon c14-icp301 серебристый slide 1 to 9 of 16 + чтобы вращать, зажмите левую клавишу мыши и тяните влево или вправо увеличить английская/русская раскладка, 1920x1080, ips, intel celeron n4120, ядра 4 х 1.1 ггц, ram 8 гб, ssd 256 гб, intel uhd graphics 600, windows 11 pro подробнее сравнить 4.27 188 отзывов 5 вопросов низкая надежность 20 999 от 2 047 / мес. купить в наличии в 73 магазинах пункты выдачи доступны диагональ 14"" 15.6"" гарантия 12 мес. 0 24 мес. 2 730 выгодно 36 мес. 3 780 код товара 5428948 всего 14 14"" ноутбук dexp aquilon c14-icp301 серебристый 4.27 188 отзывов характеристики низкая надежность выгодные комплекты выгодные комплекты собери свой комплект нажав на галочку можно включить или исключить товар из комплекта. скидка на остальные товары не изменится. нажав на кнопку заменить можно выбрать другой товар из списка доступных. 14"" ноутбук dexp aquilon c14-icp301 серебристый 20 999 заменить + антивирус kaspersky standard 3 499 выгода 2 200 1 299 комплект из 2 товара 24 498 выгода 2 200 22 298 в наличии в 36 магазинах купить комплект указанное предложение действительно на 09.04.2025",москва ваш город москва верно сменить город акция магазин доставка покупатель юридический лицо клуб dns вакансия 03 00 22 00 вернуться главный каталог сравнение избранный корзина итого корзина войти уведомление заказ пока уведомление системный сообщение пока уведомление мой подписка пока уведомление рекомендация пока уведомление скидка акция пока уведомление пока пусто быть храниться уведомление событие получать бонус сохранять отслеживать заказ войти узнать статус заказ обратный связь обмен возврат гарантия каталог пк ноутбук периферия ноутбук аксессуар ноутбук dexp 14 ноутбук dexp aquilon серебристый 14 ноутбук dexp aquilon серебристый 14 ноутбук dexp aquilon серебристый slide to of 16 вращать зажать левый клавиша мышь тянуть влево вправо увеличить раскладка 1920x1080 ips intel celeron n4120 ядро ггц ram гб ssd 256 гб intel uhd graphics 600 windows 11 pro подробный сравнить 188 отзыв вопрос низкий надёжность 20 999 047 купить наличие 73 магазин пункт выдача доступный диагональ 14 гарантия 12 24 730 выгодно 36 780 код товар 5428948 14 14 ноутбук dexp aquilon серебристый 188 отзыв характеристика низкий надёжность выгодный комплект выгодный комплект собрать свой комплект нажать галочка включить исключить товар комплект скидка остальной товар измениться нажать кнопка заменить выбрать товар список доступный 14 ноутбук dexp aquilon серебристый 20 999 заменить антивирус kaspersky standard 499 выгода 200 299 комплект товар 24 498 выгода 200 22 298 наличие 36 магазин купить комплект указанный предложение действительно,,,intel uhd,14,,,,,8,,,,celeron,1920x1080,,,
Ноутбук DEXP Aquilon C15-ICP301 серебристый,https://www.dns-shop.ru/product/818dbc903c02ed20/156-noutbuk-dexp-aquilon-c15-icp301-serebristyj/,Laptop,"москва ваш город москва все верно сменить город акции магазины доставка покупателям юридическим лицам клуб dns вакансии 8-800-77-07-999 с 03 00 до 22 00 вернуться на главную каталог сравнение избранное корзина итого 0 в корзину 0 войти уведомления заказы пока нет уведомлений 0 системные сообщения пока нет уведомлений 0 мои подписки пока нет уведомлений 0 рекомендации пока нет уведомлений 0 скидки и акции пока нет уведомлений 0 пока пусто здесь будут храниться уведомления о событиях уведомления_всегда_под_рукой теперь_вся_информация в_мобильном_приложении и telegram_боте получайте бонусы, сохраняйте и отслеживайте заказы войти узнать статус заказа обратная связь обмен, возврат, гарантия каталог пк, ноутбуки, периферия ноутбуки и аксессуары ноутбуки dexp 15.6"" ноутбук dexp aquilon c15-icp301 серебристый 15.6"" ноутбук dexp aquilon c15-icp301 серебристый 15.6"" ноутбук dexp aquilon c15-icp301 серебристый slide 1 to 9 of 16 + чтобы вращать, зажмите левую клавишу мыши и тяните влево или вправо увеличить английская/русская раскладка, 1920x1080, ips, intel celeron j4125, ядра 4 х 2 ггц, ram 8 гб, ssd 256 гб, intel uhd graphics 600, windows 11 pro подробнее сравнить 4.27 188 отзывов 2 вопроса cредняя надежность 22 799 от 2 222 / мес. купить в наличии в 269 магазинах пункты выдачи доступны диагональ 14"" 15.6"" гарантия 12 мес. 0 24 мес. 2 964 выгодно 36 мес. 4 104 код товара 5428947 всего 14 15.6"" ноутбук dexp aquilon c15-icp301 серебристый 4.27 188 отзывов характеристики средняя надежность выгодные комплекты выгодные комплекты собери свой комплект нажав на галочку можно включить или исключить товар из комплекта. скидка на остальные товары не изменится. нажав на кнопку заменить можно выбрать другой товар из списка доступных. 15.6"" ноутбук dexp aquilon c15-icp301 серебристый 22 799 заменить + антивирус kaspersky standard 3 499 выгода 2 200 1 299 комплект из 2 товара 26 298 выгода 2 200 24 098 в наличии в 154 магазинах купить комплект указанное предложение действительно на 09.04.2025",москва ваш город москва верно сменить город акция магазин доставка покупатель юридический лицо клуб dns вакансия 03 00 22 00 вернуться главный каталог сравнение избранный корзина итого корзина войти уведомление заказ пока уведомление системный сообщение пока уведомление мой подписка пока уведомление рекомендация пока уведомление скидка акция пока уведомление пока пусто быть храниться уведомление событие получать бонус сохранять отслеживать заказ войти узнать статус заказ обратный связь обмен возврат гарантия каталог пк ноутбук периферия ноутбук аксессуар ноутбук dexp ноутбук dexp aquilon серебристый ноутбук dexp aquilon серебристый ноутбук dexp aquilon серебристый slide to of 16 вращать зажать левый клавиша мышь тянуть влево вправо увеличить раскладка 1920x1080 ips intel celeron j4125 ядро ггц ram гб ssd 256 гб intel uhd graphics 600 windows 11 pro подробный сравнить 188 отзыв вопрос cредний надёжность 22 799 222 купить наличие 269 магазин пункт выдача доступный диагональ 14 гарантия 12 24 964 выгодно 36 104 код товар 5428947 14 ноутбук dexp aquilon серебристый 188 отзыв характеристика средний надёжность выгодный комплект выгодный комплект собрать свой комплект нажать галочка включить исключить товар комплект скидка остальной товар измениться нажать кнопка заменить выбрать товар список доступный ноутбук dexp aquilon серебристый 22 799 заменить антивирус kaspersky standard 499 выгода 200 299 комплект товар 26 298 выгода 200 24 098 наличие 154 магазин купить комплект указанный предложение действительно,,,intel uhd,14,,,,,8,,,,celeron,1920x1080,,,
Ноутбук Chuwi GemiBook Xpro серый,https://www.dns-shop.ru/product/4d68884b2a0fd9cb/141-noutbuk-chuwi-gemibook-xpro-seryj/,Laptop,"москва ваш город москва все верно сменить город акции магазины доставка покупателям юридическим лицам клуб dns вакансии 8-800-77-07-999 с 03 00 до 22 00 вернуться на главную каталог сравнение избранное корзина итого 0 в корзину 0 войти уведомления заказы пока нет уведомлений 0 системные сообщения пока нет уведомлений 0 мои подписки пока нет уведомлений 0 рекомендации пока нет уведомлений 0 скидки и акции пока нет уведомлений 0 пока пусто здесь будут храниться уведомления о событиях уведомления_всегда_под_рукой теперь_вся_информация в_мобильном_приложении и telegram_боте получайте бонусы, сохраняйте и отслеживайте заказы войти узнать статус заказа обратная связь обмен, возврат, гарантия каталог пк, ноутбуки, периферия ноутбуки и аксессуары ноутбуки chuwi 14.1"" ноутбук chuwi gemibook xpro серый 14.1"" ноутбук chuwi gemibook xpro серый 14.1"" ноутбук chuwi gemibook xpro серый slide 1 to 7 of 7 английская/русская раскладка, 1920x1080, ips, intel processor n100, 1 ггц, ram 8 гб, ssd 256 гб, intel uhd graphics, windows 11 home подробнее сравнить 4.67 13 отзывов 4 вопроса отличная надежность 22 999 от 2 242 / мес. купить в наличии в 8 магазинах пункты выдачи доступны гарантия 12 мес. 0 24 мес. 2 990 выгодно 36 мес. 4 140 код товара 5466001 всего 3 14.1"" ноутбук chuwi gemibook xpro серый 4.67 13 отзывов характеристики отличная надежность выгодные комплекты выгодные комплекты собери свой комплект нажав на галочку можно включить или исключить товар из комплекта. скидка на остальные товары не изменится. нажав на кнопку заменить можно выбрать другой товар из списка доступных. 14.1"" ноутбук chuwi gemibook xpro серый 22 999 заменить + антивирус kaspersky standard 3 499 выгода 2 200 1 299 комплект из 2 товара 26 498 выгода 2 200 24 298 в наличии в 3 магазинах купить комплект указанное предложение действительно на 09.04.2025",москва ваш город москва верно сменить город акция магазин доставка покупатель юридический лицо клуб dns вакансия 03 00 22 00 вернуться главный каталог сравнение избранный корзина итого корзина войти уведомление заказ пока уведомление системный сообщение пока уведомление мой подписка пока уведомление рекомендация пока уведомление скидка акция пока уведомление пока пусто быть храниться уведомление событие получать бонус сохранять отслеживать заказ войти узнать статус заказ обратный связь обмен возврат гарантия каталог пк ноутбук периферия ноутбук аксессуар ноутбук chuwi ноутбук chuwi gemibook xpro серый ноутбук chuwi gemibook xpro серый ноутбук chuwi gemibook xpro серый slide to of раскладка 1920x1080 ips intel processor n100 ггц ram гб ssd 256 гб intel uhd graphics windows 11 home подробный сравнить 13 отзыв вопрос отличный надёжность 22 999 242 купить наличие магазин пункт выдача доступный гарантия 12 24 990 выгодно 36 140 код товар 5466001 ноутбук chuwi gemibook xpro серый 13 отзыв характеристика отличный надёжность выгодный комплект выгодный комплект собрать свой комплект нажать галочка включить исключить товар комплект скидка остальной товар измениться нажать кнопка заменить выбрать товар список доступный ноутбук chuwi gemibook xpro серый 22 999 заменить антивирус kaspersky standard 499 выгода 200 299 комплект товар 26 498 выгода 200 24 298 наличие магазин купить комплект указанный предложение действительно,,,intel uhd,14.1,,,,,8,,,,,1920x1080,,,
Ноутбук DEXP Aquilon C14-ICW400 серый,https://www.dns-shop.ru/product/30d8eb2f934e252a/141-noutbuk-dexp-aquilon-c14-icw400-seryj/,Laptop,"москва ваш город москва все верно сменить город акции магазины доставка покупателям юридическим лицам клуб dns вакансии 8-800-77-07-999 с 03 00 до 22 00 вернуться на главную каталог сравнение избранное корзина итого 0 в корзину 0 войти уведомления заказы пока нет уведомлений 0 системные сообщения пока нет уведомлений 0 мои подписки пока нет уведомлений 0 рекомендации пока нет уведомлений 0 скидки и акции пока нет уведомлений 0 пока пусто здесь будут храниться уведомления о событиях уведомления_всегда_под_рукой теперь_вся_информация в_мобильном_приложении и telegram_боте получайте бонусы, сохраняйте и отслеживайте заказы войти узнать статус заказа обратная связь обмен, возврат, гарантия каталог пк, ноутбуки, периферия ноутбуки и аксессуары ноутбуки dexp 14.1"" ноутбук dexp aquilon c14-icw400 серый 14.1"" ноутбук dexp aquilon c14-icw400 серый 14.1"" ноутбук dexp aquilon c14-icw400 серый slide 1 to 9 of 16 английская/русская раскладка, 1920x1080, ips, intel celeron n5095, ядра 4 х 2 ггц, ram 8 гб, ssd 256 гб, intel uhd graphics, windows 11 pro подробнее сравнить 4.65 9 отзывов 1 вопрос cредняя надежность 23 999 от 2 339 / мес. купить в наличии в 43 магазинах пункты выдачи доступны диагональ 14.1"" 15.6"" гарантия 12 мес. 0 24 мес. 3 120 выгодно 36 мес. 4 320 код товара 9134138 пока нет отзывов с фото будьте первыми и помогите другим с выбором 14.1"" ноутбук dexp aquilon c14-icw400 серый 4.65 9 отзывов характеристики средняя надежность выгодные комплекты выгодные комплекты собери свой комплект нажав на галочку можно включить или исключить товар из комплекта. скидка на остальные товары не изменится. нажав на кнопку заменить можно выбрать другой товар из списка доступных. 14.1"" ноутбук dexp aquilon c14-icw400 серый 23 999 заменить + антивирус kaspersky standard 3 499 выгода 2 200 1 299 комплект из 2 товара 27 498 выгода 2 200 25 298 в наличии в 25 магазинах купить комплект указанное предложение действительно на 09.04.2025",москва ваш город москва верно сменить город акция магазин доставка покупатель юридический лицо клуб dns вакансия 03 00 22 00 вернуться главный каталог сравнение избранный корзина итого корзина войти уведомление заказ пока уведомление системный сообщение пока уведомление мой подписка пока уведомление рекомендация пока уведомление скидка акция пока уведомление пока пусто быть храниться уведомление событие получать бонус сохранять отслеживать заказ войти узнать статус заказ обратный связь обмен возврат гарантия каталог пк ноутбук периферия ноутбук аксессуар ноутбук dexp ноутбук dexp aquilon серый ноутбук dexp aquilon серый ноутбук dexp aquilon серый slide to of 16 раскладка 1920x1080 ips intel celeron n5095 ядро ггц ram гб ssd 256 гб intel uhd graphics windows 11 pro подробный сравнить отзыв вопрос cредний надёжность 23 999 339 купить наличие 43 магазин пункт выдача доступный диагональ гарантия 12 24 120 выгодно 36 320 код товар 9134138 пока отзыв фото быть первый помочь другой выбор ноутбук dexp aquilon серый отзыв характеристика средний надёжность выгодный комплект выгодный комплект собрать свой комплект нажать галочка включить исключить товар комплект скидка остальной товар измениться нажать кнопка заменить выбрать товар список доступный ноутбук dexp aquilon серый 23 999 заменить антивирус kaspersky standard 499 выгода 200 299 комплект товар 27 498 выгода 200 25 298 наличие 25 магазин купить комплект указанный предложение действительно,,,intel uhd,14.1,,,,,8,,,,celeron,1920x1080,,,
Ноутбук DEXP Aquilon C15-ICW400 серый,https://www.dns-shop.ru/product/2a6e7cdef95f3896/156-noutbuk-dexp-aquilon-c15-icw400-seryj/,Laptop,"москва ваш город москва все верно сменить город акции магазины доставка покупателям юридическим лицам клуб dns вакансии 8-800-77-07-999 с 03 00 до 22 00 вернуться на главную каталог сравнение избранное корзина итого 0 в корзину 0 войти уведомления заказы пока нет уведомлений 0 системные сообщения пока нет уведомлений 0 мои подписки пока нет уведомлений 0 рекомендации пока нет уведомлений 0 скидки и акции пока нет уведомлений 0 пока пусто здесь будут храниться уведомления о событиях уведомления_всегда_под_рукой теперь_вся_информация в_мобильном_приложении и telegram_боте получайте бонусы, сохраняйте и отслеживайте заказы войти узнать статус заказа обратная связь обмен, возврат, гарантия каталог пк, ноутбуки, периферия ноутбуки и аксессуары ноутбуки dexp 15.6"" ноутбук dexp aquilon c15-icw400 серый 15.6"" ноутбук dexp aquilon c15-icw400 серый 15.6"" ноутбук dexp aquilon c15-icw400 серый slide 1 to 9 of 17 + чтобы вращать, зажмите левую клавишу мыши и тяните влево или вправо увеличить английская/русская раскладка, 1920x1080, ips, intel celeron n5095, ядра 4 х 2 ггц, ram 8 гб, ssd 256 гб, intel uhd graphics, windows 11 pro подробнее сравнить 4.65 9 отзывов 2 вопроса отличная надежность 25 999 от 2 534 / мес. купить в наличии в 219 магазинах пункты выдачи доступны диагональ 14.1"" 15.6"" гарантия 12 мес. 0 24 мес. 3 380 выгодно 36 мес. 4 680 код товара 9134137 пока нет отзывов с фото будьте первыми и помогите другим с выбором 15.6"" ноутбук dexp aquilon c15-icw400 серый 4.65 9 отзывов характеристики отличная надежность выгодные комплекты выгодные комплекты собери свой комплект нажав на галочку можно включить или исключить товар из комплекта. скидка на остальные товары не изменится. нажав на кнопку заменить можно выбрать другой товар из списка доступных. 15.6"" ноутбук dexp aquilon c15-icw400 серый 25 999 заменить + антивирус kaspersky standard 3 499 выгода 2 200 1 299 комплект из 2 товара 29 498 выгода 2 200 27 298 в наличии в 132 магазинах купить комплект указанное предложение действительно на 09.04.2025",москва ваш город москва верно сменить город акция магазин доставка покупатель юридический лицо клуб dns вакансия 03 00 22 00 вернуться главный каталог сравнение избранный корзина итого корзина войти уведомление заказ пока уведомление системный сообщение пока уведомление мой подписка пока уведомление рекомендация пока уведомление скидка акция пока уведомление пока пусто быть храниться уведомление событие получать бонус сохранять отслеживать заказ войти узнать статус заказ обратный связь обмен возврат гарантия каталог пк ноутбук периферия ноутбук аксессуар ноутбук dexp ноутбук dexp aquilon серый ноутбук dexp aquilon серый ноутбук dexp aquilon серый slide to of 17 вращать зажать левый клавиша мышь тянуть влево вправо увеличить раскладка 1920x1080 ips intel celeron n5095 ядро ггц ram гб ssd 256 гб intel uhd graphics windows 11 pro подробный сравнить отзыв вопрос отличный надёжность 25 999 534 купить наличие 219 магазин пункт выдача доступный диагональ гарантия 12 24 380 выгодно 36 680 код товар 9134137 пока отзыв фото быть первый помочь другой выбор ноутбук dexp aquilon серый отзыв характеристика отличный надёжность выгодный комплект выгодный комплект собрать свой комплект нажать галочка включить исключить товар комплект скидка остальной товар измениться нажать кнопка заменить выбрать товар список доступный ноутбук dexp aquilon серый 25 999 заменить антивирус kaspersky standard 499 выгода 200 299 комплект товар 29 498 выгода 200 27 298 наличие 132 магазин купить комплект указанный предложение действительно,,,intel uhd,14.1,,,,,8,,,,celeron,1920x1080,,,
Ноутбук Acer Gadget E10 ETBook Plus серый,https://www.dns-shop.ru/product/1e36a67a0b66d9cb/156-noutbuk-acer-gadget-e10-etbook-plus-seryj/,Laptop,"москва ваш город москва все верно сменить город акции магазины доставка покупателям юридическим лицам клуб dns вакансии 8-800-77-07-999 с 03 00 до 22 00 вернуться на главную каталог сравнение избранное корзина итого 0 в корзину 0 войти уведомления заказы пока нет уведомлений 0 системные сообщения пока нет уведомлений 0 мои подписки пока нет уведомлений 0 рекомендации пока нет уведомлений 0 скидки и акции пока нет уведомлений 0 пока пусто здесь будут храниться уведомления о событиях уведомления_всегда_под_рукой теперь_вся_информация в_мобильном_приложении и telegram_боте получайте бонусы, сохраняйте и отслеживайте заказы войти узнать статус заказа обратная связь обмен, возврат, гарантия каталог пк, ноутбуки, периферия ноутбуки и аксессуары ноутбуки acer gadget 15.6"" ноутбук acer gadget e10 etbook plus серый 15.6"" ноутбук acer gadget e10 etbook plus серый 15.6"" ноутбук acer gadget e10 etbook plus серый slide 1 to 9 of 10 английская/русская раскладка, 1920x1080, ips, intel processor n100, 4, ram 8 гб, ssd 256 гб, intel uhd graphics, windows 11 home подробнее сравнить нет отзывов 1 вопрос 26 499 от 2 583 / мес. купить в магазинах под заказ завтра c (10 00) пункты выдачи доступны гарантия 12 мес. 0 24 мес. 3 445 выгодно 36 мес. 4 770 код товара 5623511 пока нет отзывов с фото будьте первыми и помогите другим с выбором 15.6"" ноутбук acer gadget e10 etbook plus серый отзывы характеристики выгодные комплекты выгодные комплекты собери свой комплект нажав на галочку можно включить или исключить товар из комплекта. скидка на остальные товары не изменится. нажав на кнопку заменить можно выбрать другой товар из списка доступных. 15.6"" ноутбук acer gadget e10 etbook plus серый 26 499 заменить + антивирус kaspersky standard 3 499 выгода 2 200 1 299 комплект из 2 товара 29 998 выгода 2 200 27 798 в магазинах под заказ завтра c (10 00) купить комплект указанное предложение действительно на 09.04.2025",москва ваш город москва верно сменить город акция магазин доставка покупатель юридический лицо клуб dns вакансия 03 00 22 00 вернуться главный каталог сравнение избранный корзина итого корзина войти уведомление заказ пока уведомление системный сообщение пока уведомление мой подписка пока уведомление рекомендация пока уведомление скидка акция пока уведомление пока пусто быть храниться уведомление событие получать бонус сохранять отслеживать заказ войти узнать статус заказ обратный связь обмен возврат гарантия каталог пк ноутбук периферия ноутбук аксессуар ноутбук acer gadget ноутбук acer gadget e10 etbook plus серый ноутбук acer gadget e10 etbook plus серый ноутбук acer gadget e10 etbook plus серый slide to of 10 раскладка 1920x1080 ips intel processor n100 ram гб ssd 256 гб intel uhd graphics windows 11 home подробный сравнить отзыв вопрос 26 499 583 купить магазин заказ завтра 10 00 пункт выдача доступный гарантия 12 24 445 выгодно 36 770 код товар 5623511 пока отзыв фото быть первый помочь другой выбор ноутбук acer gadget e10 etbook plus серый отзыв характеристика выгодный комплект выгодный комплект собрать свой комплект нажать галочка включить исключить товар комплект скидка остальной товар измениться нажать кнопка заменить выбрать товар список доступный ноутбук acer gadget e10 etbook plus серый 26 499 заменить антивирус kaspersky standard 499 выгода 200 299 комплект товар 29 998 выгода 200 27 798 магазин заказ завтра 10 00 купить комплект указанный предложение действительно,,,intel uhd,15.6,,,,,8,,,,,1920x1080,,,
Ноутбук Lenovo V15 G2 IJL черный,https://www.dns-shop.ru/product/2fc1ca528698d9cb/156-noutbuk-lenovo-v15-g2-ijl-cernyj/,Laptop,"москва ваш город москва все верно сменить город акции магазины доставка покупателям юридическим лицам клуб dns вакансии 8-800-77-07-999 с 03 00 до 22 00 вернуться на главную каталог сравнение избранное корзина итого 0 в корзину 0 войти уведомления заказы пока нет уведомлений 0 системные сообщения пока нет уведомлений 0 мои подписки пока нет уведомлений 0 рекомендации пока нет уведомлений 0 скидки и акции пока нет уведомлений 0 пока пусто здесь будут храниться уведомления о событиях уведомления_всегда_под_рукой теперь_вся_информация в_мобильном_приложении и telegram_боте получайте бонусы, сохраняйте и отслеживайте заказы войти узнать статус заказа обратная связь обмен, возврат, гарантия каталог пк, ноутбуки, периферия ноутбуки и аксессуары ноутбуки lenovo 15.6"" ноутбук lenovo v15 g2 ijl черный 15.6"" ноутбук lenovo v15 g2 ijl черный 15.6"" ноутбук lenovo v15 g2 ijl черный slide 1 to 9 of 16 английская/русская раскладка, 1920x1080, tn, intel celeron n4500, ядра 2 х 1.1 ггц, ram 8 гб, ssd 256 гб, intel uhd graphics, без ос подробнее сравнить нет отзывов задать вопрос хорошая надежность 26 999 доп. скидка 1 750 купить в наличии в 22 магазинах пункты выдачи доступны гарантия 12 мес. 0 24 мес. 3 510 выгодно 36 мес. 4 860 код товара 5496397 пока нет отзывов с фото будьте первыми и помогите другим с выбором 15.6"" ноутбук lenovo v15 g2 ijl черный отзывы характеристики хорошая надежность выгодные комплекты выгодные комплекты собери свой комплект нажав на галочку можно включить или исключить товар из комплекта. скидка на остальные товары не изменится. нажав на кнопку заменить можно выбрать другой товар из списка доступных. 15.6"" ноутбук lenovo v15 g2 ijl черный 26 999 заменить + антивирус kaspersky standard 3 499 выгода 2 200 1 299 комплект из 2 товара 30 498 выгода 2 200 28 298 в наличии в 15 магазинах купить комплект указанное предложение действительно на 09.04.2025",москва ваш город москва верно сменить город акция магазин доставка покупатель юридический лицо клуб dns вакансия 03 00 22 00 вернуться главный каталог сравнение избранный корзина итого корзина войти уведомление заказ пока уведомление системный сообщение пока уведомление мой подписка пока уведомление рекомендация пока уведомление скидка акция пока уведомление пока пусто быть храниться уведомление событие получать бонус сохранять отслеживать заказ войти узнать статус заказ обратный связь обмен возврат гарантия каталог пк ноутбук периферия ноутбук аксессуар ноутбук lenovo ноутбук lenovo v15 g2 ijl чёрный ноутбук lenovo v15 g2 ijl чёрный ноутбук lenovo v15 g2 ijl чёрный slide to of 16 раскладка 1920x1080 tn intel celeron n4500 ядро ггц ram гб ssd 256 гб intel uhd graphics ос подробный сравнить отзыв задать вопрос хороший надёжность 26 999 скидка 750 купить наличие 22 магазин пункт выдача доступный гарантия 12 24 510 выгодно 36 860 код товар 5496397 пока отзыв фото быть первый помочь другой выбор ноутбук lenovo v15 g2 ijl чёрный отзыв характеристика хороший надёжность выгодный комплект выгодный комплект собрать свой комплект нажать галочка включить исключить товар комплект скидка остальной товар измениться нажать кнопка заменить выбрать товар список доступный ноутбук lenovo v15 g2 ijl чёрный 26 999 заменить антивирус kaspersky standard 499 выгода 200 299 комплект товар 30 498 выгода 200 28 298 наличие 15 магазин купить комплект указанный предложение действительно,,,intel uhd,15.6,,,,,8,,,,celeron,1920x1080,,,
Ноутбук Lenovo V15 G2 IJL черный,https://www.dns-shop.ru/product/882f5f6e2fa1d582/156-noutbuk-lenovo-v15-g2-ijl-cernyj/,Laptop,"москва ваш город москва все верно сменить город акции магазины доставка покупателям юридическим лицам клуб dns вакансии 8-800-77-07-999 с 03 00 до 22 00 вернуться на главную каталог сравнение избранное корзина итого 0 в корзину 0 войти уведомления заказы пока нет уведомлений 0 системные сообщения пока нет уведомлений 0 мои подписки пока нет уведомлений 0 рекомендации пока нет уведомлений 0 скидки и акции пока нет уведомлений 0 пока пусто здесь будут храниться уведомления о событиях уведомления_всегда_под_рукой теперь_вся_информация в_мобильном_приложении и telegram_боте получайте бонусы, сохраняйте и отслеживайте заказы войти узнать статус заказа обратная связь обмен, возврат, гарантия каталог пк, ноутбуки, периферия ноутбуки и аксессуары ноутбуки lenovo 15.6"" ноутбук lenovo v15 g2 ijl черный 15.6"" ноутбук lenovo v15 g2 ijl черный 15.6"" ноутбук lenovo v15 g2 ijl черный slide 1 to 9 of 17 английская/русская раскладка, 1920x1080, ips, intel celeron n4500, ядра 2 х 1.1 ггц, ram 8 гб, ssd 256 гб, intel uhd graphics, без ос подробнее сравнить 4.63 19 отзывов 4 вопроса хорошая надежность 26 999 доп. скидка 1 799 купить в наличии в 14 магазинах пункты выдачи доступны гарантия 12 мес. 0 24 мес. 3 510 выгодно 36 мес. 4 860 код товара 5467701 всего 6 15.6"" ноутбук lenovo v15 g2 ijl черный 4.63 19 отзывов характеристики хорошая надежность выгодные комплекты выгодные комплекты собери свой комплект нажав на галочку можно включить или исключить товар из комплекта. скидка на остальные товары не изменится. нажав на кнопку заменить можно выбрать другой товар из списка доступных. 15.6"" ноутбук lenovo v15 g2 ijl черный 26 999 заменить + антивирус kaspersky standard 3 499 выгода 2 200 1 299 комплект из 2 товара 30 498 выгода 2 200 28 298 в наличии в 8 магазинах купить комплект указанное предложение действительно на 09.04.2025",москва ваш город москва верно сменить город акция магазин доставка покупатель юридический лицо клуб dns вакансия 03 00 22 00 вернуться главный каталог сравнение избранный корзина итого корзина войти уведомление заказ пока уведомление системный сообщение пока уведомление мой подписка пока уведомление рекомендация пока уведомление скидка акция пока уведомление пока пусто быть храниться уведомление событие получать бонус сохранять отслеживать заказ войти узнать статус заказ обратный связь обмен возврат гарантия каталог пк ноутбук периферия ноутбук аксессуар ноутбук lenovo ноутбук lenovo v15 g2 ijl чёрный ноутбук lenovo v15 g2 ijl чёрный ноутбук lenovo v15 g2 ijl чёрный slide to of 17 раскладка 1920x1080 ips intel celeron n4500 ядро ггц ram гб ssd 256 гб intel uhd graphics ос подробный сравнить 19 отзыв вопрос хороший надёжность 26 999 скидка 799 купить наличие 14 магазин пункт выдача доступный гарантия 12 24 510 выгодно 36 860 код товар 5467701 ноутбук lenovo v15 g2 ijl чёрный 19 отзыв характеристика хороший надёжность выгодный комплект выгодный комплект собрать свой комплект нажать галочка включить исключить товар комплект скидка остальной товар измениться нажать кнопка заменить выбрать товар список доступный ноутбук lenovo v15 g2 ijl чёрный 26 999 заменить антивирус kaspersky standard 499 выгода 200 299 комплект товар 30 498 выгода 200 28 298 наличие магазин купить комплект указанный предложение действительно,,,intel uhd,15.6,,,,,8,,,,celeron,1920x1080,,,
